id,name,status,status_note,submitted_date,publish_status,is_featured,is_review_completed,originating_type,session_slug,slug,source_url,normal_title,normal_summary,normal_content,hard_title,hard_summary,hard_content
,"議第47号　令和8年度草津市一般会計補正予算（第3号）",introduced,,2026-06-19,draft,false,false,mayor,r8-6-teireikai,gian-47-r8-6-general-account-supplementary-budget-no3,,"全国都市緑化フェアの開催誘致に向けた準備費用","2030年の全国都市緑化フェアを滋賀県と共催で開くことを目指し、基本構想をつくるための費用など、1,369万3千円を追加する補正予算です。","## どんな議案？

令和8年度草津市一般会計補正予算（第3号）です。

今回の補正額は **1,369万3千円** です。

主な内容は、2030年（令和12年）の全国都市緑化フェアの開催誘致に向けて、基本構想を策定するための費用を追加するものです。

## 何に使うお金？

緑化推進費として、次の費用が計上されています。

- 基本構想策定業務委託費：1,248万5千円
- 懇談会開催費：42万円
- その他事務費：78万8千円

合計で **1,369万3千円** です。

## 全国都市緑化フェアとは？

全国都市緑化フェアは、全国各地で毎年開催されている、国内最大級の花と緑の祭典です。

正式に決定すれば、滋賀県内では初めての開催となります。

## 草津市では何を目指している？

草津市は、花と緑のある憩いの場づくりを通じて、笑顔が行き交う都市「ガーデンシティくさつ」の取り組みを進めています。

滋賀県も、県全体を水と緑と人でつながる大きな公園のようにしていく「THEシガパーク」の取り組みを進めています。

このフェアを、市と県の魅力を全国に発信する機会にしようとしています。

## 今後の予定

資料では、次のような予定が示されています。

- 令和8年7月から8月：入札（プロポーザル方式）
- 令和8年9月：契約締結
- 令和8年9月から令和9年2月：基本構想策定
- 基本構想の策定期間中に、懇談会を3回開催予定

草津市会場としては、草津川跡地公園（区間5 de愛広場）、水生植物公園みずの森、ロクハ公園などが想定されています。

## ポイント

この議案は、フェア開催そのものの最終決定ではなく、開催誘致と正式決定に向けて、趣旨・時期・会場・事業内容などを整理する「基本構想」をつくるための予算です。","全国都市緑化フェアの開催誘致に向けた準備費用","2030年の全国都市緑化フェアを滋賀県と共催で開くことを目指し、基本構想をつくるための費用など、1,369万3千円を追加する補正予算です。","## 概要

議第47号は、令和8年度草津市一般会計補正予算（第3号）です。

補正額は **13,693千円** で、一般会計の歳出では土木費の緑化推進費に計上されています。

## 主な内容

2030年（令和12年）全国都市緑化フェアの開催誘致に向けて、滋賀県とともに基本構想を策定するための経費を追加するものです。

内訳は次のとおりです。

- 基本構想策定業務委託費：12,485千円
- 懇談会開催費：420千円
- その他事務費：788千円

## 背景

草津市では「ガーデンシティくさつ」の取り組みを進めています。滋賀県でも「THEシガパーク」を目指した公園の魅力向上が進められています。

市と県の魅力を全国へ発信する機会として、2030年全国都市緑化フェアの開催について滋賀県と共催を合意し、国土交通省へ開催したい旨の申し入れを行っています。

## 今後の流れ

資料では、令和8年7月から8月にプロポーザル方式で入札を行い、9月に契約締結、令和9年2月までに基本構想を策定する予定とされています。

基本構想では、趣旨・時期・会場・事業内容などの基本的事項を定めます。

想定会場として、草津川跡地公園（区間5 de愛広場）、水生植物公園みずの森、ロクハ公園が示されています。"
